CodeSetId,CodeValue,Label
시설구역경계구분V6,FZB001,중앙행정기관(부)
시설구역경계구분V6,FZB002,중앙행정기관(처)
시설구역경계구분V6,FZB003,중앙행정기관(청)
시설구역경계구분V6,FZB004,중앙행정기관(소속기관)
시설구역경계구분V6,FZB005,중앙행정기관(기타)
시설구역경계구분V6,FZB006,자치단체청사
시설구역경계구분V6,FZB007,주민자치센타
시설구역경계구분V6,FZB008,소방서
시설구역경계구분V6,FZB009,경찰서
시설구역경계구분V6,FZB010,분뇨 및 쓰레기 처리시설
시설구역경계구분V6,FZB011,정부투자기관
시설구역경계구분V6,FZB101,대학교
시설구역경계구분V6,FZB102,고등학교
시설구역경계구분V6,FZB103,중학교
시설구역경계구분V6,FZB104,초등학교
시설구역경계구분V6,FZB105,특수학교
시설구역경계구분V6,FZB106,도서관
시설구역경계구분V6,FZB107,연구단지
시설구역경계구분V6,FZB108,수련원
시설구역경계구분V6,FZB201,공항시설
시설구역경계구분V6,FZB202,항만시설
시설구역경계구분V6,FZB203,철도시설
시설구역경계구분V6,FZB204,버스터미널
시설구역경계구분V6,FZB205,물류창고
시설구역경계구분V6,FZB301,경기장
시설구역경계구분V6,FZB302,기념관
시설구역경계구분V6,FZB303,식물원
시설구역경계구분V6,FZB304,동물원
시설구역경계구분V6,FZB305,휴양콘도미니엄
시설구역경계구분V6,FZB306,유스호스텔
시설구역경계구분V6,FZB307,골프장
시설구역경계구분V6,FZB308,리조트
시설구역경계구분V6,FZB309,스키장
시설구역경계구분V6,FZB310,야영장
시설구역경계구분V6,FZB311,승마장
시설구역경계구분V6,FZB312,해수욕장
시설구역경계구분V6,FZB313,운동장
시설구역경계구분V6,FZB314,체육관
시설구역경계구분V6,FZB315,골프장(러프)
시설구역경계구분V6,FZB316,골프장(홀)
시설구역경계구분V6,FZB317,골프장(페어웨이)
시설구역경계구분V6,FZB318,골프장(벙커)
시설구역경계구분V6,FZB319,골프장(티잉그라운드)
시설구역경계구분V6,FZB401,국립공원
시설구역경계구분V6,FZB402,도립공원
시설구역경계구분V6,FZB403,군립공원
시설구역경계구분V6,FZB404,근린공원
시설구역경계구분V6,FZB405,도시자연공원
시설구역경계구분V6,FZB406,어린이공원
시설구역경계구분V6,FZB407,체육공원
시설구역경계구분V6,FZB408,유원지
시설구역경계구분V6,FZB409,수목원
시설구역경계구분V6,FZB410,휴양림
시설구역경계구분V6,FZB411,관광지시설
시설구역경계구분V6,FZB412,온천
시설구역경계구분V6,FZB413,놀이동산
시설구역경계구분V6,FZB414,문화재
시설구역경계구분V6,FZB501,산업단지구역
시설구역경계구분V6,FZB502,축산지역
시설구역경계구분V6,FZB503,시장
시설구역경계구분V6,FZB504,방송국
시설구역경계구분V6,FZB505,병원
시설구역경계구분V6,FZB506,보건소
시설구역경계구분V6,FZB507,장례식장
시설구역경계구분V6,FZB508,묘지공원
시설구역경계구분V6,FZB509,공동묘지
시설구역경계구분V6,FZB510,능묘
시설구역경계구분V6,FZB601,교회
시설구역경계구분V6,FZB602,사찰
시설구역경계구분V6,FZB603,성당
시설구역경계구분V6,FZB701,아파트단지
시설구역경계구분V6,FZB702,개발예정구역
시설구역경계구분V6,FZB703,개발지구용도
시설구역경계구분V6,FZB704,개발지구용도(공원)
시설구역경계구분V6,FZB705,공사중단지
시설구역경계구분V6,FZB801,특화거리
시설구역경계구분V6,FZB802,랜드마크부지
시설구역경계구분V6,FZB803,랜드마크운동장
시설구역경계구분V6,FZB804,랜드마크잔디
시설구역경계구분V6,FZB901,(환경지역경계)미분류
시설구역경계구분V6,FZB902,자연환경보존지역
시설구역경계구분V6,FZB903,자연생태계보존구역
시설구역경계구분V6,FZB904,상수원보호지역
시설구역경계구분V6,FZB905,개발제한구역
시설구역경계구분V6,FZB906,환경보존특별 대책지역
시설구역경계구분V6,FZB907,(관광문화지역)미분류
시설구역경계구분V6,FZB908,문화재보호구역
시설구역경계구분V6,FZB909,관광단지
시설구역경계구분V6,FZB910,위락단지
경지경계구분V6,FDB001,경지계(논)
경지경계구분V6,FDB002,경지계(밭)
경지경계구분V6,FDB003,경지계(과수원)
경지경계구분V6,FDB006,경지계(조림지)
경지경계구분V6,FDB008,경지계(잔디)
경지경계구분V6,FDB009,경지계(화단)
경지경계구분V6,FDB010,경지계(정원수)
경지경계구분V6,FDB106,황무지
선형도로시설구분V6,LRR001,분리대
선형도로시설구분V6,LRR002,터널입구
선형도로시설구분V6,LRR005,낙석방지책
선형도로시설구분V6,LRR006,방호벽
선형도로시설구분V6,LRR007,차광책
선형도로시설구분V6,LRR008,소음방지책
선형도로시설구분V6,LRR010,가드레일
선형도로시설구분V6,LRR011,가드펜스
사용상태V6,UST001,건설예정
사용상태V6,UST002,공사중
사용상태V6,UST003,운영중
사용상태V6,UST004,폐쇄
등고선구분V6,CTS001,(볼록지)계곡선
등고선구분V6,CTS002,(볼록지)주곡선
등고선구분V6,CTS003,(볼록지)간곡선
등고선구분V6,CTS004,(볼록지)조곡선
등고선구분V6,CTS101,(오목지)계곡선
등고선구분V6,CTS102,(오목지)주곡선
등고선구분V6,CTS103,(오목지)간곡선
등고선구분V6,CTS104,(오목지)조곡선
선형도로시설구조구분V6,LRS001,화단
선형도로시설구조구분V6,LRS002,콘크리트
선형도로시설구조구분V6,LRS003,철제
선형도로시설구조구분V6,LRS004,플라스틱
선형도로시설구조구분V6,LRS005,나무(목제)
선형도로시설구조구분V6,LRS006,복합
선형도로시설구조구분V6,LRS007,석축(돌)
선형도로시설구조구분V6,LRS999,기타
축척구분V6,SCL001,1/500
축척구분V6,SCL002,"1/1,000"
축척구분V6,SCL003,"1/2,500"
축척구분V6,SCL004,"1/5,000"
축척구분V6,SCL005,"1/25,000"
목장구분V6,FAR001,소
목장구분V6,FAR002,말
목장구분V6,FAR003,돼지
목장구분V6,FAR004,염소
목장구분V6,FAR005,기타
객체변동구분V6,OFJ001,객체생성
객체변동구분V6,OFJ002,공간도형과 속성을 함께 수정
객체변동구분V6,OFJ003,공간도형만 수정
객체변동구분V6,OFJ004,공간도형 분할
객체변동구분V6,OFJ005,공간도형 합병
객체변동구분V6,OFJ006,위치 이동
객체변동구분V6,OFJ007,속성만 수정
객체변동구분V6,OFJ008,객체 삭제
객체변동구분V6,OFJ999,미수정 객체
건물기호구분V6,BSB001,특별시청
건물기호구분V6,BSB002,광역시청
건물기호구분V6,BSB003,도청
건물기호구분V6,BSB004,시청
건물기호구분V6,BSB005,군청
건물기호구분V6,BSB006,구청
건물기호구분V6,BSB007,읍사무소
건물기호구분V6,BSB008,주민센터
건물기호구분V6,BSB009,면사무소
건물기호구분V6,BSB010,(치안행정)미분류
건물기호구분V6,BSB011,법원
건물기호구분V6,BSB012,경찰청
건물기호구분V6,BSB013,경찰서
건물기호구분V6,BSB014,"파출소,지서"
건물기호구분V6,BSB015,소방서
건물기호구분V6,BSB016,보건소
건물기호구분V6,BSB017,세무서
건물기호구분V6,BSB018,세관
건물기호구분V6,BSB019,우체국
건물기호구분V6,BSB020,"기상대, 측후소"
건물기호구분V6,BSB021,전화국
건물기호구분V6,BSB022,병무청
건물기호구분V6,BSB023,기타관공서
건물기호구분V6,BSB024,농업기술센터
건물기호구분V6,BSB025,지방산림청
건물기호구분V6,BSB026,한국도로공사
건물기호구분V6,BSB027,한국토지주택공사
건물기호구분V6,BSB028,한국농어촌공사
건물기호구분V6,BSB029,공 장
건물기호구분V6,BSB030,시장
건물기호구분V6,BSB031,백화점
건물기호구분V6,BSB032,관광음식점
건물기호구분V6,BSB033,양배수장
건물기호구분V6,BSB034,축사
건물기호구분V6,BSB035,종축장
건물기호구분V6,BSB036,도축장
건물기호구분V6,BSB037,정미소
건물기호구분V6,BSB038,하수종말처리장기호
건물기호구분V6,BSB039,공단폐수처리장기호
건물기호구분V6,BSB040,축산폐수처리장기호
건물기호구분V6,BSB041,농공단지오폐수기호
건물기호구분V6,BSB042,간이오수처리장기호
건물기호구분V6,BSB043,분뇨처리장기호
건물기호구분V6,BSB044,학교
건물기호구분V6,BSB045,"유치원, 유아원"
건물기호구분V6,BSB046,도서관
건물기호구분V6,BSB047,실내체육관
건물기호구분V6,BSB048,학원
건물기호구분V6,BSB049,기숙사
건물기호구분V6,BSB050,교회
건물기호구분V6,BSB051,성당
건물기호구분V6,BSB052,절
건물기호구분V6,BSB053,기타종교시설
건물기호구분V6,BSB054,박물관
건물기호구분V6,BSB055,미술관
건물기호구분V6,BSB056,공회당
건물기호구분V6,BSB057,TV방송국
건물기호구분V6,BSB058,라디오 방송국
건물기호구분V6,BSB059,신문사
건물기호구분V6,BSB060,잡지사
건물기호구분V6,BSB061,CATV방송국
건물기호구분V6,BSB062,호텔
건물기호구분V6,BSB063,여관
건물기호구분V6,BSB064,콘도미니엄
건물기호구분V6,BSB065,목욕탕
건물기호구분V6,BSB066,고속버스터미널
건물기호구분V6,BSB067,시외버스터미널
건물기호구분V6,BSB068,창고
건물기호구분V6,BSB069,공항
건물기호구분V6,BSB070,자동차정비수리소
건물기호구분V6,BSB071,세차장
건물기호구분V6,BSB072,은행
건물기호구분V6,BSB073,협동조합
건물기호구분V6,BSB074,기타금융기관
건물기호구분V6,BSB075,보험회사
건물기호구분V6,BSB076,일반병원
건물기호구분V6,BSB077,결핵병원
건물기호구분V6,BSB078,나병원
건물기호구분V6,BSB079,정신병원
건물기호구분V6,BSB080,약국
건물기호구분V6,BSB081,아동상담소
건물기호구분V6,BSB082,자립지원시설
건물기호구분V6,BSB083,탁아시설
건물기호구분V6,BSB084,영아시설
건물기호구분V6,BSB085,아동일시보호시설
건물기호구분V6,BSB086,아동직업보도시설
건물기호구분V6,BSB087,양로시설
건물기호구분V6,BSB088,장애인재활시설
건물기호구분V6,BSB089,모자보호시설
건물기호구분V6,BSB090,미혼모시설
건물기호구분V6,BSB091,노인복지회관
건물기호구분V6,BSB092,부녀복지관
건물기호구분V6,BSB093,사회복지관
건물기호구분V6,BSB999,해당없음
선형공항시설구분V6,LAC005,활주로
선형공항시설구분V6,LAC006,철책
선형공항시설구분V6,LAC999,기타
수정측량방법구분V1,P,사진측량
수정측량방법구분V1,F,현황측량
수정측량방법구분V1,C,지적측량
수정측량방법구분V1,D,외부자료
수정측량방법구분V1,E,기타
면형도로시설구분V6,PRC001,정류장시설
면형도로시설구분V6,PRC002,도로교
면형도로시설구분V6,PRC003,보행교
면형도로시설구분V6,PRC004,철도교
면형도로시설구분V6,PRC047,철도교_고가부
면형도로시설구분V6,PRC005,도로보행교
면형도로시설구분V6,PRC006,도로철도교
면형도로시설구분V6,PRC007,철도보행교
면형도로시설구분V6,PRC008,생태교
면형도로시설구분V6,PRC009,도로터널
면형도로시설구분V6,PRC010,공용터널
면형도로시설구분V6,PRC011,철도터널
면형도로시설구분V6,PRC012,지하보도
면형도로시설구분V6,PRC032,육교_장애인이용가능
면형도로시설구분V6,PRC033,육교_장애인이용불가
면형도로시설구분V6,PRC014,횡단보도
면형도로시설구분V6,PRC015,고가차도
면형도로시설구분V6,PRC016,지하차도
면형도로시설구분V6,PRC034,인터체인지_고속국도
면형도로시설구분V6,PRC035,인터체인지_일반국도
면형도로시설구분V6,PRC036,인터체인지_지방도
면형도로시설구분V6,PRC037,인터체인지_일반도로
면형도로시설구분V6,PRC018,교통섬
면형도로시설구분V6,PRC019,어린이보호구역
면형도로시설구분V6,PRC038,안전지대_평면도색
면형도로시설구분V6,PRC020,노인보호구역
면형도로시설구분V6,PRC021,유류주유소
면형도로시설구분V6,PRC022,가스충전소
면형도로시설구분V6,PRC023,전기충전소
면형도로시설구분V6,PRC040,수소충전소
면형도로시설구분V6,PRC024,고속국도휴게소
면형도로시설구분V6,PRC025,일반국도휴게소
면형도로시설구분V6,PRC026,지방도휴게소
면형도로시설구분V6,PRC027,졸음쉼터
면형도로시설구분V6,PRC042,유료주차장
면형도로시설구분V6,PRC043,무료주차장
면형도로시설구분V6,PRC029,지하철역입구
면형도로시설구분V6,PRC030,요금소
면형도로시설구분V6,PRC031,도로점용시설
면형도로시설구분V6,PRC044,기타교차로
면형도로시설구분V6,PRC045,평면교차점
면형도로시설구분V6,PRC046,입체교차점
선형지형구분V6,LTF001,성토상단
선형지형구분V6,LTF002,성토하단
선형지형구분V6,LTF003,절토상단
선형지형구분V6,LTF004,절토하단
선형지형구분V6,LTF005,옹벽상단
선형지형구분V6,LTF006,옹벽하단
선형지형구분V6,LTF007,석축상단
선형지형구분V6,LTF008,석축하단
선형지형구분V6,LTF101,붕토지
선형지형구분V6,LTF102,시태지
선형지형구분V6,LTF103,벼랑바위
선형지형구분V6,LTF104,너덜바위
선형지형구분V6,LTF199,기타경계
선형지형구분V6,LTF201,랜드마크선
건물부속시설구분V6,BAS001,담장
건물부속시설구분V6,BAS002,문주
건물부속시설구분V6,BAS003,울타리
건물부속시설구분V6,BAS004,철조망
건물부속시설구분V6,BAS005,철책
건물부속시설구분V6,BAS006,판자담
건물부속시설구분V6,BAS007,담(흙담)
건물부속시설구분V6,BAS999,기타
면형도로시설위상관계구분V6,GPS001,평면/단독
면형도로시설위상관계구분V6,GPS002,평면/포함함
면형도로시설위상관계구분V6,GPS003,평면/포함된
면형도로시설위상관계구분V6,GPS004,입체/지하
면형도로시설위상관계구분V6,GPS005,입체/공중
면형도로시설위상관계구분V6,GPS006,입체/다중
면형공항시설구분V6,GAC001,공항시설
면형공항시설구분V6,GAC002,공항부속시설
면형공항시설구분V6,GAC003,계류장
면형도로시설재질구분V6,GMS003,콘크리트
면형도로시설재질구분V6,GMS004,강재
면형도로시설재질구분V6,GMS005,목재
면형도로시설재질구분V6,GMS006,석재
면형도로시설재질구분V6,GMS099,해당없음
면형도로시설재질구분V6,GMS999,기타
보도구분V6,FTP000,미분류
보도구분V6,FTP001,보도설치 유
보도구분V6,FTP002,보도설치 무
자전거도로중심선구분V6,BRC001,자전거전용도로
자전거도로중심선구분V6,BRC002,자전거보행자겸용도로
자전거도로중심선구분V6,BRC003,자전거 전용차로
자전거도로중심선구분V6,BRC004,자전거우선도로
나루구분V6,FDK001,나루_차량
나루구분V6,FDK002,나루_사람
나루구분V6,FDK003,나루_기타
포장재질구분V6,PVM001,아스팔트
포장재질구분V6,PVM003,콘크리트
포장재질구분V6,PVM004,블록
포장재질구분V6,PVM005,비포장
포장재질구분V6,PVM006,우레탄
포장재질구분V6,PVM007,고무
포장재질구분V6,PVM008,아스콘/블록
포장재질구분V6,PVM999,기타
면형수로시설구분V6,GWS001,댐 (상단)
면형수로시설구분V6,GWS002,댐 (하단)
해안선구분V6,SLS001,육지
해안선구분V6,SLS002,섬
건물구분V6,BDG001,일반주택
건물구분V6,BDG002,연립주택
건물구분V6,BDG003,아파트
건물구분V6,BDG004,주택외건물
건물구분V6,BDG005,무벽건물
건물구분V6,BDG006,온실
건물구분V6,BDG007,공사중건물
건물구분V6,BDG008,가건물
면형항만시설구분V6,GPC003,항구
면형항만시설구분V6,GPC004,선착장
면형항만시설구분V6,GPC006,부두_여객용
면형항만시설구분V6,GPC007,부두 화물용
면형항만시설구분V6,GPC008,기중기
면형항만시설구분V6,GPC999,기타
면형지형구분V6,GTF001,모래
면형지형구분V6,GTF002,습지
면형지형구분V6,GTF003,염전
면형지형구분V6,GTF004,갯벌
면형지형구분V6,GTF006,자갈
도로구분V6,RDS001,고속국도
도로구분V6,RDS002,일반국도
도로구분V6,RDS003,지방도
도로구분V6,RDS004,특별시도
도로구분V6,RDS005,광역시도
도로구분V6,RDS006,시도
도로구분V6,RDS007,군도
도로구분V6,RDS008,구도
도로구분V6,RDS010,면리간도로
도로구분V6,RDS011,부지안도로
도로구분V6,RDS013,터널안도로
도로구분V6,RDS014,소로
도로구분V6,RDS015,주요도로
도로구분V6,RDS016,부지안보행노면
도로구분V6,RDS017,부지안경계선
도로구분V6,RDS018,부지안보행노선
교통시설정보구분V6,TFI101,일반차도
교통시설정보구분V6,TFI102,고가차도
교통시설정보구분V6,TFI103,지하차도
교통시설정보구분V6,TFI104,인터체인지
교통시설정보구분V6,TFI201,교량
교통시설정보구분V6,TFI202,터널
교통시설정보구분V6,TFI301,일반철도
분리대유무V1,1,유
분리대유무V1,0,무
해안선출처V6,SLC001,국토지리정보원
해안선출처V6,SLC002,국립해양조사원
주건물구분V6,MBS001,주건물
주건물구분V6,MBS002,부속건물
일방통행구분V6,OSP001,일방통행
일방통행구분V6,OSP002,양방통행
자동차전용도로구분V6,MWS001,일반
자동차전용도로구분V6,MWS002,자동차전용
점형공항시설구분V6,TAC004,등대/항공
점형항만시설구분V6,TPC002,등대/기타
점형항만시설구분V6,TPC005,유인등대/항해
점형항만시설구분V6,TPC006,무인등대/항해
점형도로시설구분V6,TRS001,버스정류장(고속)
점형도로시설구분V6,TRS002,버스정류장(시외)
점형도로시설구분V6,TRS003,버스정류장(좌석)
점형도로시설구분V6,TRS004,버스정류장(일반)
점형도로시설구분V6,TRS005,버스정류장(마을)
점형도로시설구분V6,TRS006,택시정류장
점형도로시설구분V6,TRS007,공용정류장
점형도로시설구분V6,TRS201,요금징수소
점형도로시설구분V6,TRS301,게시판
점형도로시설구분V6,TRS302,게시판(광고판)
점형도로시설구분V6,TRS303,표지(도로정보판)
점형도로시설구분V6,TRS304,표지(안내판)
점형도로시설구분V6,TRS305,표지(지시판)
점형도로시설구분V6,TRS306,표지(규제판)
점형도로시설구분V6,TRS307,표지(주의)
점형도로시설구분V6,TRS308,표지(이정표)
점형도로시설구분V6,TRS309,신호등(보행용)
점형도로시설구분V6,TRS310,신호등(차량용)
점형도로시설구분V6,TRS311,신호등(보행용/차량용)
점형도로시설구분V6,TRS312,차단기(가로등제어기/점멸기)
점형도로시설구분V6,TRS313,차단기(신호등제어기)
점형도로시설구분V6,TRS314,차단기(전기제어기)
점형도로시설구분V6,TRS315,차단기(건널목차단기)
점형도로시설구분V6,TRS316,도로반사경
면형구조시설구분V6,GSC001,계단
면형구조시설구분V6,GSC002,스탠드
면형구조시설구분V6,GSC004,저수조
면형구조시설구분V6,GSC005,저유조
면형구조시설구분V6,GSC006,기타저장소
면형구조시설구분V6,GSC007,탱크
면형구조시설구분V6,GSC010,지하철환기통
면형구조시설구분V6,GSC011,지하환기구
면형구조시설구분V6,GSC012,수영장
면형구조시설구분V6,GSC999,기타
보도경계면구분V6,FBS001,인도
보도경계면구분V6,FBS002,자전거도로
보도경계면구분V6,FBS003,자전거보행자겸용도로
기준점구분V6,CTP001,삼각점
기준점구분V6,CTP002,수준점
기준점구분V6,CTP003,통합기준점
기준점구분V6,CTP100,항측기준점
기준점구분V6,CTP101,평면기준점
기준점구분V6,CTP102,표고기준점
기준점구분V6,CTP103,사진기준점
기준점구분V6,CTP201,지적기준점
기준점구분V6,CTP202,수로
기준점구분V6,CTP203,기타
기준점구분V6,CTP204,중력점
기준점구분V6,CTP205,지자기점
기준점구분V6,CTP206,GPS
보도중심선구분V6,FCS001,보도중심선
철도구분V6,RLW001,고속철도
철도구분V6,RLW002,보통철도
철도구분V6,RLW003,특수철도
철도구분V6,RLW004,지하철(지상)
철도구분V6,RLW008,지하철(지하)
철도구분V6,RLW005,삭도(케이블카)
철도구분V6,RLW006,모노레일
철도구분V6,RLW135,자기부상철도
철도구분V6,RLW999,기타
철도사용상태V6,RUS001,예정철도
철도사용상태V6,RUS002,공사중철도
철도사용상태V6,RUS003,예정지하철
철도사용상태V6,RUS004,공사중지하철
철도사용상태V6,RUS005,폐선
철도사용상태V6,RUS006,운영중
하천구분V6,RVR001,국가하천
하천구분V6,RVR002,지방하천
하천구분V6,RVR003,소하천
하천구분V6,RVR004,기타하천
하천구분V6,RVR005,세류
철도표현구분V6,REX001,철도중심선
철도표현구분V6,REX002,선로
철도선로유형구분V6,RRT001,단선
철도선로유형구분V6,RRT002,복선
철도선로유형구분V6,RRT003,복복선
철도선로유형구분V6,RRT004,3복선
철도선로유형구분V6,RRT999,기타
관리기관코드V6,MIC001,국가
관리기관코드V6,MIC002,지자체
관리기관코드V6,MIC003,공공기관
관리기관코드V6,MIC004,개인
관리기관코드V6,MIC999,기타
면형철도시설구분V6,GRC004,승강장
면형철도시설구분V6,GRC005,승강장의 지붕
표고점구분V6,APS001,표고점
표고점구분V6,APS002,50m단위등고수치
표고점구분V6,APS003,25m단위등고수치
표고점구분V6,APS004,5m단위등고수치
점형구조시설구분V6,TSC002,온천시설
점형구조시설구분V6,TSC003,낚시터
점형구조시설구분V6,TSC004,우물_우물식
점형구조시설구분V6,TSC005,우물_관정식
점형구조시설구분V6,TSC100,광산(미분류)
점형구조시설구분V6,TSC101,광산(운영중)
점형구조시설구분V6,TSC102,광산(폐쇄)
점형구조시설구분V6,TSC200,채취장(미분류)
점형구조시설구분V6,TSC201,채취장(채석장)
점형구조시설구분V6,TSC202,채취장(토취장)
점형구조시설구분V6,TSC203,골재채취장
점형구조시설구분V6,TSC300,관측소(미분류)
점형구조시설구분V6,TSC301,관측소(수위)
점형구조시설구분V6,TSC302,관측소(유량)
점형구조시설구분V6,TSC303,관측소(수질)
점형구조시설구분V6,TSC304,관측소(풍향/풍속)
점형구조시설구분V6,TSC305,관측소(대기오염)
점형구조시설구분V6,TSC306,관측소(파랑)
점형구조시설구분V6,TSC307,관측소(지질)
점형구조시설구분V6,TSC308,관측소(지진)
점형구조시설구분V6,TSC309,관측소(우량)
점형구조시설구분V6,TSC400,문화재(미분류)
점형구조시설구분V6,TSC401,문화재(비/탑/각)
점형구조시설구분V6,TSC402,문화재(정자)
점형구조시설구분V6,TSC403,문화재(암자)
점형구조시설구분V6,TSC404,문화재(절)
점형구조시설구분V6,TSC405,문화재(절터)
점형구조시설구분V6,TSC406,문화재(능)
점형구조시설구분V6,TSC407,문화재(봉화대)
점형구조시설구분V6,TSC408,문화재(유적지)
점형구조시설구분V6,TSC500,탑(미분류)
점형구조시설구분V6,TSC501,탑(소방탑)
점형구조시설구분V6,TSC502,탑(저수탑)
점형구조시설구분V6,TSC503,탑(취수탑)
점형구조시설구분V6,TSC504,탑(전파탑)
점형구조시설구분V6,TSC505,탑(송전탑)
점형구조시설구분V6,TSC506,탑(시계탑)
점형구조시설구분V6,TSC507,탑(송수신탑)
점형구조시설구분V6,TSC508,탑(전망대)
점형구조시설구분V6,TSC509,탑(감시탑)
점형구조시설구분V6,TSC510,탑(조명탑)
점형구조시설구분V6,TSC511,탑(급수탑)
점형구조시설구분V6,TSC601,헬기장
점형구조시설구분V6,TSC602,관정
점형구조시설구분V6,TSC603,분수
점형구조시설구분V6,TSC604,양어장
점형구조시설구분V6,TSC605,양식장기호
점형구조시설구분V6,TSC606,해수욕장
점형구조시설구분V6,TSC608,적치장(공지)
점형구조시설구분V6,TSC609,적치장
점형구조시설구분V6,TSC610,적치장(토사매립지)
점형구조시설구분V6,TSC611,적치장(폐기물매립지)
점형구조시설구분V6,TSC613,조명(보안/방범등)
점형구조시설구분V6,TSC614,조명(가로등)
점형구조시설구분V6,TSC615,조명(조명등)
점형구조시설구분V6,TSC616,조명(유도등)
점형구조시설구분V6,TSC617,조명(보조지지주)
점형구조시설구분V6,TSC618,전력주/통신주(기타)
점형구조시설구분V6,TSC619,전력주/통신주(통신/전화주)
점형구조시설구분V6,TSC620,전력주/통신주(전력주)
점형구조시설구분V6,TSC621,전력주/통신주(유선주)
점형구조시설구분V6,TSC622,전력주/통신주(공동주)
점형구조시설구분V6,TSC624,맨홀(미분류)
점형구조시설구분V6,TSC625,맨홀(공동구)
점형구조시설구분V6,TSC626,맨홀(가스)
점형구조시설구분V6,TSC627,맨홀(전화)
점형구조시설구분V6,TSC628,맨홀(전기)
점형구조시설구분V6,TSC629,맨홀(하수)
점형구조시설구분V6,TSC630,맨홀(상수)
점형구조시설구분V6,TSC631,맨홀(통신)
점형구조시설구분V6,TSC632,맨홀(지역난방)
점형구조시설구분V6,TSC633,맨홀(송유)
점형구조시설구분V6,TSC634,맨홀(광역상수도)
점형구조시설구분V6,TSC636,소화전(지상)
점형구조시설구분V6,TSC637,소화전(지하)
점형구조시설구분V6,TSC638,묘지
점형구조시설구분V6,TSC640,비석기념비(기념비)
점형구조시설구분V6,TSC641,비석기념비(묘비)
점형구조시설구분V6,TSC642,동상
점형구조시설구분V6,TSC643,동상(석등)
점형구조시설구분V6,TSC644,공중전화
점형구조시설구분V6,TSC645,우체통
점형구조시설구분V6,TSC647,놀이시설(유원지)
점형구조시설구분V6,TSC648,놀이시설(동물원)
점형구조시설구분V6,TSC649,놀이시설(식물원)
점형구조시설구분V6,TSC650,놀이시설(옥외수영장)
점형구조시설구분V6,TSC651,놀이시설(골프장/골프연습장)
점형구조시설구분V6,TSC652,놀이시설(스키장)
점형구조시설구분V6,TSC653,놀이시설(테니스장)
점형구조시설구분V6,TSC654,놀이시설(어린이놀이터)
점형구조시설구분V6,TSC655,놀이시설(운동장)
점형구조시설구분V6,TSC656,놀이시설(번지점프장)
점형구조시설구분V6,TSC657,놀이시설(경륜장)
점형구조시설구분V6,TSC658,놀이시설(수련원)
점형구조시설구분V6,TSC659,놀이시설(공원)
점형구조시설구분V6,TSC660,놀이시설(기타놀이시설)
점형구조시설구분V6,TSC661,놀이시설(야외수영장)
점형철도시설구분V6,TRC001,철도정거장
점형철도시설구분V6,TRC003,철도/지하철 공용
점형철도시설구분V6,TRC004,고속철도 정거장
점형철도시설구분V6,TRC005,보통철도 정거장
점형철도시설구분V6,TRC006,특수철도 정거장
점형철도시설구분V6,TRC007,삭도(케이블카) 정거장
점형철도시설구분V6,TRC008,모노레일 정거장
점형철도시설구분V6,TRC009,철도전차대
점형철도시설구분V6,TRC101,수도권 광역철도 1호선 정거장
점형철도시설구분V6,TRC102,수도권 도시철도 2호선 정거장
점형철도시설구분V6,TRC103,수도권 광역철도 3호선 정거장
점형철도시설구분V6,TRC104,수도권 광역철도 4호선 정거장
점형철도시설구분V6,TRC105,수도권 도시철도 5호선 정거장
점형철도시설구분V6,TRC106,수도권 도시철도 6호선 정거장
점형철도시설구분V6,TRC107,수도권 도시철도 7호선 정거장
점형철도시설구분V6,TRC108,수도권 도시철도 8호선 정거장
점형철도시설구분V6,TRC109,수도권 도시철도 9호선 정거장
점형철도시설구분V6,TRC110,경강선 정거장
점형철도시설구분V6,TRC111,경의중앙선 정거장
점형철도시설구분V6,TRC112,경춘선 정거장
점형철도시설구분V6,TRC113,수인분당선 정거장
점형철도시설구분V6,TRC114,인천국제공항선 정거장
점형철도시설구분V6,TRC115,서해선 정거장
점형철도시설구분V6,TRC116,신분당선 정거장
점형철도시설구분V6,TRC117,수도권  경량도시철도 에버라인 정거장
점형철도시설구분V6,TRC118,수도권 경량도시철도 우이신설선 정거장
점형철도시설구분V6,TRC119,수도권 경량도시철도 신림선 정거장
점형철도시설구분V6,TRC120,의정부 경전철 정거장
점형철도시설구분V6,TRC121,인천지하철 1호선 정거장
점형철도시설구분V6,TRC122,인천지하철 2호선 정거장
점형철도시설구분V6,TRC123,김포골드라인 정거장
점형철도시설구분V6,TRC124,부산 도시철도 1호선 정거장
점형철도시설구분V6,TRC125,부산 도시철도 2호선 정거장
점형철도시설구분V6,TRC126,부산 도시철도 3호선 정거장
점형철도시설구분V6,TRC127,부산 경량도시철도 4호선 정거장
점형철도시설구분V6,TRC128,부산김해경전철 정거장
점형철도시설구분V6,TRC129,동해선 정거장
점형철도시설구분V6,TRC130,대구 도시철도 1호선 정거장
점형철도시설구분V6,TRC131,대구 도시철도 2호선 정거장
점형철도시설구분V6,TRC132,대구 도시철도 3호선 정거장
점형철도시설구분V6,TRC133,대전 도시철도 1호선 정거장
점형철도시설구분V6,TRC134,광주 도시철도 1호선 정거장
점형철도시설구분V6,TRC135,자기부상철도 정거장
점형철도시설구분V6,TRC136,GTX-A 정거장
점형철도시설구분V6,TRC999,기타
건물용도구분V6,BDU001,단독주택
건물용도구분V6,BDU002,다중주택
건물용도구분V6,BDU003,다가구주택
건물용도구분V6,BDU004,공관
건물용도구분V6,BDU005,공동주택
건물용도구분V6,BDU006,아파트
건물용도구분V6,BDU007,연립주택
건물용도구분V6,BDU008,다세대주택
건물용도구분V6,BDU009,생활편익시설
건물용도구분V6,BDU010,부대시설
건물용도구분V6,BDU011,복리시설
건물용도구분V6,BDU012,기숙사
건물용도구분V6,BDU013,제1종근린생활시설
건물용도구분V6,BDU014,소매점
건물용도구분V6,BDU015,휴게음식점
건물용도구분V6,BDU016,이(미)용원
건물용도구분V6,BDU017,일반목욕장
건물용도구분V6,BDU018,의원
건물용도구분V6,BDU019,체육장
건물용도구분V6,BDU020,마을공동시설
건물용도구분V6,BDU021,변전소
건물용도구분V6,BDU022,양수장
건물용도구분V6,BDU023,정수장
건물용도구분V6,BDU024,대피소
건물용도구분V6,BDU025,공중화장실
건물용도구분V6,BDU026,세탁소
건물용도구분V6,BDU027,치과의원
건물용도구분V6,BDU028,한의원
건물용도구분V6,BDU029,침술원
건물용도구분V6,BDU030,접골원
건물용도구분V6,BDU031,조산소
건물용도구분V6,BDU032,탁구장
건물용도구분V6,BDU033,체육도장
건물용도구분V6,BDU034,마을회관
건물용도구분V6,BDU035,마을공동작업소
건물용도구분V6,BDU036,마을공동구판장
건물용도구분V6,BDU037,지역아동센터
건물용도구분V6,BDU038,공공시설
건물용도구분V6,BDU039,동사무소
건물용도구분V6,BDU040,경찰서
건물용도구분V6,BDU041,파출소
건물용도구분V6,BDU042,소방서
건물용도구분V6,BDU043,우체국
건물용도구분V6,BDU044,전신전화국
건물용도구분V6,BDU045,방송국
건물용도구분V6,BDU046,보건소
건물용도구분V6,BDU047,공공도서관
건물용도구분V6,BDU048,지역의료보험조합
건물용도구분V6,BDU049,기타공공시설
건물용도구분V6,BDU050,기타제1종근생활시설
건물용도구분V6,BDU051,제2종근린생활시설
건물용도구분V6,BDU052,일반음식점
건물용도구분V6,BDU053,기원
건물용도구분V6,BDU054,서점(1종근.생미해당)
건물용도구분V6,BDU055,제조업소
건물용도구분V6,BDU056,수리점
건물용도구분V6,BDU057,게임제공업소
건물용도구분V6,BDU058,사진관
건물용도구분V6,BDU059,표구점
건물용도구분V6,BDU060,학원
건물용도구분V6,BDU061,장의사
건물용도구분V6,BDU062,동물병원
건물용도구분V6,BDU063,어린이집
건물용도구분V6,BDU064,독서실
건물용도구분V6,BDU065,총포판매소
건물용도구분V6,BDU066,단란주점
건물용도구분V6,BDU067,의약품도매점
건물용도구분V6,BDU068,자동차영업소
건물용도구분V6,BDU069,안마시술소
건물용도구분V6,BDU070,노래연습장
건물용도구분V6,BDU071,멀티미디어문화컨텐츠설비제공업소
건물용도구분V6,BDU072,복합유통.제공업소
건물용도구분V6,BDU073,직업훈련소
건물용도구분V6,BDU074,운동시설
건물용도구분V6,BDU075,테니스장
건물용도구분V6,BDU076,체력단련장
건물용도구분V6,BDU077,에어로빅장
건물용도구분V6,BDU078,볼링장
건물용도구분V6,BDU079,당구장
건물용도구분V6,BDU080,실내낚시터
건물용도구분V6,BDU081,골프연습장
건물용도구분V6,BDU082,기타운동시설
건물용도구분V6,BDU083,종교집회장
건물용도구분V6,BDU084,교회
건물용도구분V6,BDU085,성당
건물용도구분V6,BDU086,사찰
건물용도구분V6,BDU087,기타종교집회장
건물용도구분V6,BDU088,공연장
건물용도구분V6,BDU089,극장(영화관)
건물용도구분V6,BDU090,음악당
건물용도구분V6,BDU091,연예장
건물용도구분V6,BDU092,비디오물감상실
건물용도구분V6,BDU093,비디오물소극장
건물용도구분V6,BDU094,기타공연장
건물용도구분V6,BDU095,사무소
건물용도구분V6,BDU096,금융업소
건물용도구분V6,BDU097,부동산중개업소
건물용도구분V6,BDU098,결혼상담소
건물용도구분V6,BDU099,출판사
건물용도구분V6,BDU100,기타사무소
건물용도구분V6,BDU101,기타제2종근생활시설
건물용도구분V6,BDU102,문화및집회시설
건물용도구분V6,BDU103,서어커스장
건물용도구분V6,BDU104,집회장
건물용도구분V6,BDU105,예식장
건물용도구분V6,BDU106,회의장
건물용도구분V6,BDU107,공회당
건물용도구분V6,BDU108,마권장외발매소
건물용도구분V6,BDU109,마권전화투표소
건물용도구분V6,BDU110,기타집회장
건물용도구분V6,BDU111,관람장
건물용도구분V6,BDU112,경마장
건물용도구분V6,BDU113,자동차경기장
건물용도구분V6,BDU114,체육관
건물용도구분V6,BDU115,운동장
건물용도구분V6,BDU116,기타관람장
건물용도구분V6,BDU117,전시장
건물용도구분V6,BDU118,박물관
건물용도구분V6,BDU119,미술관
건물용도구분V6,BDU120,과학관
건물용도구분V6,BDU121,기념관
건물용도구분V6,BDU122,산업전시장
건물용도구분V6,BDU123,박람회장
건물용도구분V6,BDU124,기타전시장
건물용도구분V6,BDU125,동.식물원
건물용도구분V6,BDU126,동물원
건물용도구분V6,BDU127,식물원
건물용도구분V6,BDU128,수족관
건물용도구분V6,BDU129,기타동.식물원
건물용도구분V6,BDU130,기타문화및집회시설
건물용도구분V6,BDU131,종교시설
건물용도구분V6,BDU132,기도원
건물용도구분V6,BDU133,수도원
건물용도구분V6,BDU134,수녀원
건물용도구분V6,BDU135,제실
건물용도구분V6,BDU136,사당
건물용도구분V6,BDU137,납골당(제2종근생 제외)
건물용도구분V6,BDU138,기타종교시설
건물용도구분V6,BDU139,판매시설
건물용도구분V6,BDU140,도매시장
건물용도구분V6,BDU141,소매시장
건물용도구분V6,BDU142,시장
건물용도구분V6,BDU143,백화점
건물용도구분V6,BDU144,대형백화점
건물용도구분V6,BDU145,대형점
건물용도구분V6,BDU146,기타소매시장
건물용도구분V6,BDU147,상점
건물용도구분V6,BDU148,기타판매시설
건물용도구분V6,BDU149,운수시설
건물용도구분V6,BDU150,여객자동차터미널
건물용도구분V6,BDU151,화물터미널
건물용도구분V6,BDU152,철도역사
건물용도구분V6,BDU153,공항시설
건물용도구분V6,BDU154,항만시설(터미널)
건물용도구분V6,BDU155,종합여객시설
건물용도구분V6,BDU156,기타운수시설
건물용도구분V6,BDU157,의료시설
건물용도구분V6,BDU158,병원
건물용도구분V6,BDU159,종합병원
건물용도구분V6,BDU160,산부인과병원
건물용도구분V6,BDU161,치과병원
건물용도구분V6,BDU162,한방병원
건물용도구분V6,BDU163,정신병원
건물용도구분V6,BDU164,격리병원
건물용도구분V6,BDU165,요양소
건물용도구분V6,BDU166,기타병원
건물용도구분V6,BDU167,전염병원
건물용도구분V6,BDU168,마약진료소
건물용도구분V6,BDU169,장례식장
건물용도구분V6,BDU170,기타의료시설
건물용도구분V6,BDU171,교육연구시설
건물용도구분V6,BDU172,교육(연수)원
건물용도구분V6,BDU173,연구소
건물용도구분V6,BDU174,도서관
건물용도구분V6,BDU175,학교
건물용도구분V6,BDU176,초등학교
건물용도구분V6,BDU177,중학교
건물용도구분V6,BDU178,고등학교
건물용도구분V6,BDU179,대학교
건물용도구분V6,BDU180,전문대학
건물용도구분V6,BDU181,대학
건물용도구분V6,BDU182,기타학교
건물용도구분V6,BDU183,기타교육연구시설
건물용도구분V6,BDU184,노유자시설
건물용도구분V6,BDU185,아동관련시설
건물용도구분V6,BDU186,유치원
건물용도구분V6,BDU187,영유아보육시설
건물용도구분V6,BDU188,아동복지시설
건물용도구분V6,BDU189,기타아동관련시설
건물용도구분V6,BDU190,노인복지시설
건물용도구분V6,BDU191,사회복지시설
건물용도구분V6,BDU192,근로복지시설
건물용도구분V6,BDU193,기타노유자시설
건물용도구분V6,BDU194,수련시설
건물용도구분V6,BDU195,생활권수련시설
건물용도구분V6,BDU196,청소년수련원(관)
건물용도구분V6,BDU197,유스호스텔
건물용도구분V6,BDU198,청소년문화의집
건물용도구분V6,BDU199,기타생활권수련시설
건물용도구분V6,BDU200,자연권수련시설
건물용도구분V6,BDU201,청소년야영장
건물용도구분V6,BDU202,기타자연권수련시설
건물용도구분V6,BDU203,기타수련시설
건물용도구분V6,BDU204,운동장시설
건물용도구분V6,BDU205,기타 운동시설
건물용도구분V6,BDU206,업무시설
건물용도구분V6,BDU207,공공업무시설
건물용도구분V6,BDU208,국가기관청사
건물용도구분V6,BDU209,자치단체청사
건물용도구분V6,BDU210,외국공관
건물용도구분V6,BDU211,기타공공업무시설
건물용도구분V6,BDU212,일반업무시설
건물용도구분V6,BDU213,오피스텔
건물용도구분V6,BDU214,신문사
건물용도구분V6,BDU215,기타일반업무시설
건물용도구분V6,BDU216,숙박시설
건물용도구분V6,BDU217,일반숙박시설
건물용도구분V6,BDU218,호텔
건물용도구분V6,BDU219,여관
건물용도구분V6,BDU220,여인숙
건물용도구분V6,BDU221,기타일반숙박시설
건물용도구분V6,BDU222,관광숙박시설
건물용도구분V6,BDU223,관광호텔
건물용도구분V6,BDU224,수상관광호텔
건물용도구분V6,BDU225,한국전통호텔
건물용도구분V6,BDU226,가족호텔
건물용도구분V6,BDU227,휴양콘도미니엄
건물용도구분V6,BDU228,기타관광숙박시설
건물용도구분V6,BDU229,위락시설
건물용도구분V6,BDU230,유흥주점
건물용도구분V6,BDU231,특수목욕장
건물용도구분V6,BDU232,유기장
건물용도구분V6,BDU233,투전기업소
건물용도구분V6,BDU234,무도장(학원)
건물용도구분V6,BDU235,주점영업
건물용도구분V6,BDU236,카지노업소
건물용도구분V6,BDU237,유원시설업의시설
건물용도구분V6,BDU238,기타위락시설
건물용도구분V6,BDU239,공장
건물용도구분V6,BDU240,일반공장
건물용도구분V6,BDU241,유해공장
건물용도구분V6,BDU242,기타공장
건물용도구분V6,BDU243,창고시설
건물용도구분V6,BDU244,창고
건물용도구분V6,BDU245,하역장
건물용도구분V6,BDU246,기타창고시설
건물용도구분V6,BDU247,위험물저장및처리시설
건물용도구분V6,BDU248,주유소
건물용도구분V6,BDU249,액화석유가스충전소
건물용도구분V6,BDU250,위험물제조소
건물용도구분V6,BDU251,위험물저장소
건물용도구분V6,BDU252,액화가스취급소
건물용도구분V6,BDU253,액화가스판매소
건물용도구분V6,BDU254,유독물보관저장시설
건물용도구분V6,BDU255,고압가스충전저장소
건물용도구분V6,BDU256,석유판매소
건물용도구분V6,BDU257,기타위험물저장처리시설
건물용도구분V6,BDU258,자동차관련시설
건물용도구분V6,BDU259,주차장
건물용도구분V6,BDU260,세차장
건물용도구분V6,BDU261,폐차장
건물용도구분V6,BDU262,검사장
건물용도구분V6,BDU263,매매장
건물용도구분V6,BDU264,정비공장
건물용도구분V6,BDU265,운전학원
건물용도구분V6,BDU266,정비학원
건물용도구분V6,BDU267,차고
건물용도구분V6,BDU268,주기장
건물용도구분V6,BDU269,기타자동차관련시설
건물용도구분V6,BDU270,동.식물관련시설
건물용도구분V6,BDU271,도축장
건물용도구분V6,BDU272,도계장
건물용도구분V6,BDU273,버섯재배사
건물용도구분V6,BDU274,종묘배양시설
건물용도구분V6,BDU275,온실
건물용도구분V6,BDU276,축사
건물용도구분V6,BDU277,양잠
건물용도구분V6,BDU278,양봉
건물용도구분V6,BDU279,양어시설
건물용도구분V6,BDU280,부화장
건물용도구분V6,BDU281,가축시설
건물용도구분V6,BDU282,가축용운동시설
건물용도구분V6,BDU283,인공수정센터
건물용도구분V6,BDU284,관리사
건물용도구분V6,BDU285,가축용창고
건물용도구분V6,BDU286,가축시장
건물용도구분V6,BDU287,동물검역소
건물용도구분V6,BDU288,실험동물사육시설
건물용도구분V6,BDU289,기타가축시설
건물용도구분V6,BDU290,기타동식물관련시설
건물용도구분V6,BDU291,분뇨.쓰레기처리시설
건물용도구분V6,BDU292,분뇨처리시설
건물용도구분V6,BDU293,폐기물처리시설
건물용도구분V6,BDU294,폐기물재활용시설
건물용도구분V6,BDU295,고물상
건물용도구분V6,BDU296,기타분뇨쓰레기처리시설
건물용도구분V6,BDU297,교정및군사시설
건물용도구분V6,BDU298,감화원
건물용도구분V6,BDU299,군사시설
건물용도구분V6,BDU300,교도소
건물용도구분V6,BDU301,구치소
건물용도구분V6,BDU302,소년원
건물용도구분V6,BDU303,소년분류심사원
건물용도구분V6,BDU304,기타교정및군사시설
건물용도구분V6,BDU305,방송통신시설
건물용도구분V6,BDU306,촬영소
건물용도구분V6,BDU307,통신용시설
건물용도구분V6,BDU308,기타방송통신시설
건물용도구분V6,BDU309,발전시설
건물용도구분V6,BDU310,발전소
건물용도구분V6,BDU311,기타발전시설
건물용도구분V6,BDU312,묘지관련시설
건물용도구분V6,BDU313,화장장
건물용도구분V6,BDU314,납골당
건물용도구분V6,BDU315,묘지에 부수되는 건축물
건물용도구분V6,BDU316,기타묘지관련시설
건물용도구분V6,BDU317,관광휴게시설
건물용도구분V6,BDU318,야외음악당
건물용도구분V6,BDU319,야외극장
건물용도구분V6,BDU320,어린이회관
건물용도구분V6,BDU321,관망탑
건물용도구분V6,BDU322,휴게소
건물용도구분V6,BDU323,관광지시설
건물용도구분V6,BDU324,기타관광휴게시설
건물용도구분V6,BDU325,근린생활시설
건물용도구분V6,BDU326,마을공회당
건물용도구분V6,BDU327,서점
건물용도구분V6,BDU328,기타근린생활시설
건물용도구분V6,BDU329,판매및영업시설
건물용도구분V6,BDU330,대규모소매점
건물용도구분V6,BDU331,기타판매및영업시설
건물용도구분V6,BDU332,교육연구및복지시설
건물용도구분V6,BDU333,기타교육연구및복지시설
건물용도구분V6,BDU334,공공용시설
건물용도구분V6,BDU335,기타공공용시설
건물용도구분V6,BDU336,야영장시설
건물용도구분V6,BDU999,기타시설
재질구분V6,MTS001,콘크리트
재질구분V6,MTS002,돌
재질구분V6,MTS003,나무
재질구분V6,MTS004,철
재질구분V6,MTS005,플라스틱
재질구분V6,MTS006,흙
재질구분V6,MTS007,대리석
재질구분V6,MTS008,돌망태
재질구분V6,MTS010,블록
재질구분V6,MTS999,기타
선형구조시설구분V6,LSC001,성(성벽)
선형구조시설구분V6,LSC003,지하주차장입구
선형구조시설구분V6,LSC004,지하도입구(사람출입)
선형구조시설구분V6,LSC005,지하도입구(차량출입)
선형구조시설구분V6,LSC006,적치장
선형구조시설구분V6,LSC007,쓰레기매립지
선형구조시설구분V6,LSC008,채취장
선형구조시설구분V6,LSC009,(수송관-지상)미분류
선형구조시설구분V6,LSC010,(수송관-지상)상수도
선형구조시설구분V6,LSC011,(수송관-지상)송유관
선형구조시설구분V6,LSC012,(수송관-지상)가스관
선형구조시설구분V6,LSC013,(수송관-지상)송전선
선형구조시설구분V6,LSC014,놀이시설
선형구조시설구분V6,LSC015,놀이시설(레저스포츠미분류)
선형구조시설구분V6,LSC016,태양열 (광)전지판
선형구조시설구분V6,LSC999,기타구조물
해안선형태V6,SHS001,자연해안선
해안선형태V6,SHS002,인공해안선
기준점등급V6,CTG000,해당없음
기준점등급V6,CTG001,삼각점(1등)
기준점등급V6,CTG002,삼각점(2등)
기준점등급V6,CTG003,삼각점(3등)
기준점등급V6,CTG004,삼각점(4등)
기준점등급V6,CTG005,수준점(1등)
기준점등급V6,CTG006,수준점(2등)
기준점등급V6,CTG007,수준점(3등)
기준점등급V6,CTG008,수준점(4등)
기준점등급V6,CTG009,통합기준점
제작방법V6,FMD000,미분류
제작방법V6,FMD001,정기
제작방법V6,FMD002,수시
점형지형구분V6,TTF001,폭포
점형지형구분V6,TTF003,동굴입구(인공)
점형지형구분V6,TTF004,동굴입구(자연)
선형수로시설구분V6,LWS001,콘크리트제방(상단)
선형수로시설구분V6,LWS002,콘크리트제방(하단)
선형수로시설구분V6,LWS003,흙제방(상단)
선형수로시설구분V6,LWS004,흙제방(하단)
선형수로시설구분V6,LWS005,기호제방
선형수로시설구분V6,LWS007,콘크리트방조제(상단)
선형수로시설구분V6,LWS008,콘크리트방조제(하단)
선형수로시설구분V6,LWS009,흙방조제(상단)
선형수로시설구분V6,LWS010,흙방조제(하단)
선형수로시설구분V6,LWS013,방파제 (상단)
선형수로시설구분V6,LWS014,방파제 (하단)
선형수로시설구분V6,LWS015,소파블럭
선형수로시설구분V6,LWS100,용수로(기타)
선형수로시설구분V6,LWS101,공업용수로(지상)
선형수로시설구분V6,LWS103,농업용수로(지상)
선형수로시설구분V6,LWS201,수문
선형수로시설구분V6,LWS202,배수갑문
선형수로시설구분V6,LWS203,보
선형수로시설구분V6,LWS204,여수로
선형수로시설구분V6,LWS301,암거
선형수로시설구분V6,LWS302,측구
선형수로시설구분V6,LWS400,잔교(기타)
선형수로시설구분V6,LWS401,잔교(콘크리트)
선형수로시설구분V6,LWS402,잔교(목재)
선형수로시설구분V6,LWS403,잔교(철재)
점형수로시설구분V6,TWS001,유수방향
점형식생시설구분V6,TVS001,독립수(활엽수)
점형식생시설구분V6,TVS002,독립수(침엽수)
점형식생시설구분V6,TVS003,가로수
나무구분V6,TRE001,보호수
나무구분V6,TRE002,기념수
나무구분V6,TRE003,가로수
